Коробка передач;Объем двигателя;Тип топлива;Тип кузова;Цена в рублях;Цена в доларах;Место расположения;Ссылка
механика; 1.6 л; дизель; универсал;37287;15450;Минск;https://cars.av.by/peugeot/508/102672306
автомат; 1.6 л; дизель; универсал;34874;14450;Новополоцк;https://cars.av.by/peugeot/508/102166991
механика; 1.6 л; дизель; универсал;32460;13450;Минск;https://cars.av.by/peugeot/508/102664353
автомат; 1.6 л; дизель; универсал;35960;14900;Лида;https://cars.av.by/peugeot/508/102568954
механика; 1.6 л; дизель; седан;31857;13200;Минск;https://cars.av.by/peugeot/508/102506519
автомат; 1.6 л; бензин; седан;32581;13500;Минск;https://cars.av.by/peugeot/508/102661823
механика; 1.6 л; дизель; универсал;33788;14000;Ивацевичи;https://cars.av.by/peugeot/508/100951086
механика; 1.6 л; дизель; универсал;37866;15690;Гомель;https://cars.av.by/peugeot/508/102596960
автомат; 1.6 л; дизель; универсал;39073;16190;Гомель;https://cars.av.by/peugeot/508/102539291
автомат; 1.6 л; дизель; универсал;35839;14850;Гродно;https://cars.av.by/peugeot/508/102651901
механика; 1.6 л; дизель; седан;36177;14990;Минск;https://cars.av.by/peugeot/508/102651005
механика; 2.0 л; дизель; универсал;41028;17000;Минск;https://cars.av.by/peugeot/508/100884864
механика; 2.0 л; дизель; универсал;39338;16300;Гродно;https://cars.av.by/peugeot/508/102044952
автомат; 2.0 л; дизель; универсал;56715;23500;Минск;https://cars.av.by/peugeot/508/102251593
автомат; 1.6 л; дизель; универсал;38612;15999;Осиповичи;https://cars.av.by/peugeot/508/102044415
автомат; 1.6 л; бензин; седан;26547;11000;Минск;https://cars.av.by/peugeot/508/102423316
механика; 1.6 л; дизель; универсал;34994;14500;Молодечно;https://cars.av.by/peugeot/508/102009783
автомат; 1.6 л; дизель; седан;41510;17200;Бобруйск;https://cars.av.by/peugeot/508/100974878
автомат; 1.6 л; дизель; универсал;34874;14450;Ошмяны;https://cars.av.by/peugeot/508/101397691
автомат; 1.6 л; дизель; седан;42235;17500;Ивацевичи;https://cars.av.by/peugeot/508/101931964
механика; 1.6 л; дизель; универсал;35115;14550;Солигорск;https://cars.av.by/peugeot/508/101246036
механика; 1.6 л; дизель; универсал;36201;15000;Ляховичи;https://cars.av.by/peugeot/508/100324060
механика; 2.0 л; дизель; универсал;42000;17403;Круглое;https://cars.av.by/peugeot/508/101647127
автомат; 1.6 л; дизель; универсал;34994;14500;Высокое;https://cars.av.by/peugeot/508/101704054
механика; 1.6 л; дизель; универсал;25341;10500;Барановичи;https://cars.av.by/peugeot/508/102690671
автомат; 1.6 л; дизель; универсал;34391;14250;Барановичи;https://cars.av.by/peugeot/508/102617898
автомат; 1.6 л; дизель; универсал;33667;13950;Витебск;https://cars.av.by/peugeot/508/102627386
механика; 1.6 л; дизель; универсал;38373;15900;Пинск;https://cars.av.by/peugeot/508/102509852
автомат; 1.6 л; бензин; седан;33546;13900;Брест;https://cars.av.by/peugeot/508/102683568
механика; 1.6 л; дизель; универсал;37408;15500;Лида;https://cars.av.by/peugeot/508/102242569
автомат; 2.0 л; дизель; универсал;56715;23500;Минск;https://cars.av.by/peugeot/508/102652766
автомат; 1.6 л; дизель; седан;41752;17300;Минск;https://cars.av.by/peugeot/508/101880920
механика; 2.0 л; дизель; универсал;40545;16800;Речица;https://cars.av.by/peugeot/508/101415742
автомат; 2.0 л; дизель; седан;40183;16650;Минск;https://cars.av.by/peugeot/508/102198210
автомат; 1.6 л; дизель; универсал;37890;15700;Пинск;https://cars.av.by/peugeot/508/102597727
автомат; 1.6 л; бензин; седан;38614;16000;Минск;https://cars.av.by/peugeot/508/101245185
механика; 1.6 л; дизель; универсал;37866;15690;Лида;https://cars.av.by/peugeot/508/102423779
автомат; 1.6 л; дизель; универсал;32098;13300;Новополоцк;https://cars.av.by/peugeot/508/102464457
автомат; 1.6 л; дизель; универсал;40907;16950;Ошмяны;https://cars.av.by/peugeot/508/102551178
автомат; 2.0 л; дизель; универсал;56232;23300;Минск;https://cars.av.by/peugeot/508/101083259
механика; 2.0 л; дизель; седан;36925;15300;Минск;https://cars.av.by/peugeot/508/101606667
автомат; 1.6 л; дизель; седан;37649;15600;Ивье;https://cars.av.by/peugeot/508/102296612
автомат; 2.0 л; дизель; седан;41025;16999;Гродно;https://cars.av.by/peugeot/508/100243816
механика; 1.6 л; дизель; универсал;34270;14200;Гродно;https://cars.av.by/peugeot/508/100102110
механика; 1.6 л; дизель; универсал;36080;14950;Мозырь;https://cars.av.by/peugeot/508/101953864
автомат; 2.0 л; дизель; седан;48027;19900;Минск;https://cars.av.by/peugeot/508/101423542
автомат; 1.6 л; дизель; универсал;38373;15900;Минск;https://cars.av.by/peugeot/508/102434959
